n;m;N=2 pu;K=2 po;N=2 up;N=2 su;N=2 sd;N=2 t(ms);N=3 pu;K=3 po;N=3 up;N=3 su;N=3 sd;N=3 t(ms);N=4 pu;K=4 po;N=4 up;N=4 su;N=4 sd;N=4 t(ms);N=5 pu;K=5 po;N=5 up;N=5 su;N=5 sd;N=5 t(ms);N=6 pu;K=6 po;N=6 up;N=6 su;N=6 sd;N=6 t(ms);N=7 pu;K=7 po;N=7 up;N=7 su;N=7 sd;N=7 t(ms);N=8 pu;K=8 po;N=8 up;N=8 su;N=8 sd;N=8 t(ms);N=9 pu;K=9 po;N=9 up;N=9 su;N=9 sd;N=9 t(ms);N=10 pu;K=10 po;N=10 up;N=10 su;N=10 sd;N=10 t(ms);N=11 pu;K=11 po;N=11 up;N=11 su;N=11 sd;N=11 t(ms);N=12 pu;K=12 po;N=12 up;N=12 su;N=12 sd;N=12 t(ms);N=13 pu;K=13 po;N=13 up;N=13 su;N=13 sd;N=13 t(ms);N=14 pu;K=14 po;N=14 up;N=14 su;N=14 sd;N=14 t(ms);N=15 pu;K=15 po;N=15 up;N=15 su;N=15 sd;N=15 t(ms)
1000;2000;884;884;288;882;1173;0.072232;884;884;288;882;1173;0.063303;884;884;289;882;1173;0.060105;884;884;288;882;1173;0.061704;884;884;288;882;1173;0.06101;884;884;288;882;1173;0.061314;884;884;288;882;1173;0.06265;884;884;288;882;1173;0.067476;884;884;288;882;1173;0.06947;884;884;288;882;1173;0.071892;884;884;288;882;1173;0.073211;884;884;288;882;1173;0.075761;884;884;288;882;1173;0.077121;884;884;288;882;1173;0.077804;884;884;288;882;1173;0.077521
2000;4000;1765;1765;556;1763;2322;0.156017;1765;1765;557;1763;2322;0.135459;1765;1765;556;1763;2322;0.128678;1765;1765;556;1763;2322;0.128805;1765;1765;556;1763;2322;0.128283;1765;1765;556;1763;2322;0.134141;1765;1765;556;1763;2322;0.134736;1765;1765;556;1763;2322;0.137635;1765;1765;556;1763;2322;0.142514;1765;1765;556;1763;2322;0.14882;1765;1765;556;1763;2322;0.154386;1765;1765;556;1763;2322;0.159464;1765;1765;556;1763;2322;0.165432;1765;1765;556;1763;2322;0.202189;1765;1765;556;1763;2322;0.170175
1000;4000;1000;1000;793;998;1793;0.100143;1000;1000;793;998;1793;0.088789;1000;1000;792;998;1792;0.084893;1000;1000;793;998;1793;0.085947;1000;1000;794;998;1794;0.08553;1000;1000;793;998;1793;0.085065;1000;1000;793;998;1793;0.084796;1000;1000;793;998;1793;0.090017;1000;1000;793;998;1793;0.092427;1000;1000;793;998;1793;0.096509;1000;1000;793;998;1793;0.097278;1000;1000;793;998;1793;0.101655;1000;1000;793;998;1793;0.103141;1000;1000;793;998;1793;0.105135;1000;1000;793;998;1793;0.104568
1000;8000;1000;1000;1421;998;2421;0.133857;1000;1000;1420;998;2420;0.119079;1000;1000;1422;998;2422;0.114514;1000;1000;1420;998;2420;0.115392;1000;1000;1420;998;2420;0.113966;1000;1000;1421;998;2421;0.116421;1000;1000;1421;998;2421;0.113242;1000;1000;1420;998;2420;0.11627;1000;1000;1420;998;2420;0.118637;1000;1000;1420;998;2420;0.125639;1000;1000;1420;998;2420;0.126085;1000;1000;1421;998;2421;0.127543;1000;1000;1421;998;2421;0.131632;1000;1000;1420;998;2420;0.133933;1000;1000;1420;998;2420;0.133762
4000;8000;3918;3918;1286;3915;5204;0.359661;3918;3918;1285;3915;5203;0.32003;3918;3918;1287;3915;5205;0.296244;3918;3918;1286;3915;5204;0.306333;3918;3918;1285;3915;5203;0.298236;3918;3918;1286;3915;5204;0.310242;3918;3918;1286;3915;5204;0.314572;3918;3918;1285;3915;5203;0.330605;3918;3918;1285;3915;5203;0.335396;3918;3918;1286;3915;5204;0.343027;3918;3918;1285;3915;5203;0.354015;3918;3918;1285;3915;5203;0.373319;3918;3918;1286;3915;5204;0.382858;3918;3918;1286;3915;5204;0.400808;3918;3918;1285;3915;5203;0.403634
2000;8000;1999;1999;1625;1996;3624;0.219878;1999;1999;1624;1996;3623;0.199357;1999;1999;1624;1996;3623;0.18356;1999;1999;1624;1996;3623;0.188786;1999;1999;1623;1996;3622;0.183353;1999;1999;1624;1996;3623;0.190093;1999;1999;1624;1996;3623;0.198855;1999;1999;1624;1996;3623;0.195573;1999;1999;1624;1996;3623;0.198612;1999;1999;1623;1996;3622;0.208016;1999;1999;1623;1996;3622;0.212307;1999;1999;1623;1996;3622;0.218521;1999;1999;1623;1996;3622;0.22872;1999;1999;1624;1996;3623;0.231826;1999;1999;1623;1996;3622;0.237537
2000;16000;2000;2000;2840;1998;4840;0.274578;2000;2000;2840;1998;4840;0.240908;2000;2000;2840;1998;4840;0.231488;2000;2000;2841;1998;4841;0.238805;2000;2000;2840;1998;4840;0.228795;2000;2000;2840;1998;4840;0.232752;2000;2000;2840;1998;4840;0.236601;2000;2000;2841;1998;4841;0.237888;2000;2000;2839;1998;4839;0.240551;2000;2000;2840;1998;4840;0.250803;2000;2000;2840;1998;4840;0.264721;2000;2000;2840;1998;4840;0.261722;2000;2000;2840;1998;4840;0.270727;2000;2000;2840;1998;4840;0.276052;2000;2000;2841;1998;4841;0.278428
8000;16000;7028;7028;2238;7025;9266;0.721307;7028;7028;2239;7025;9267;0.637843;7028;7028;2238;7025;9266;0.601863;7028;7028;2238;7025;9266;0.606998;7028;7028;2238;7025;9266;0.608104;7028;7028;2238;7025;9266;0.608869;7028;7028;2239;7025;9267;0.62483;7028;7028;2238;7025;9267;0.664875;7028;7028;2239;7025;9267;0.685136;7028;7028;2237;7025;9266;0.703396;7028;7028;2237;7025;9265;0.707928;7028;7028;2237;7025;9266;0.72246;7028;7028;2238;7025;9267;0.745819;7028;7028;2238;7025;9266;0.764462;7028;7028;2239;7025;9267;0.785143
4000;16000;4000;4000;3212;3998;7212;0.464463;4000;4000;3211;3998;7211;0.408793;4000;4000;3213;3998;7213;0.393919;4000;4000;3211;3998;7211;0.399353;4000;4000;3210;3998;7210;0.386072;4000;4000;3213;3998;7213;0.394334;4000;4000;3210;3998;7210;0.40269;4000;4000;3211;3998;7211;0.416648;4000;4000;3212;3998;7212;0.427328;4000;4000;3211;3998;7211;0.4375;4000;4000;3212;3998;7212;0.439233;4000;4000;3212;3998;7212;0.450722;4000;4000;3212;3998;7212;0.467418;4000;4000;3212;3998;7212;0.484003;4000;4000;3212;3998;7212;0.485646
2000;32000;2000;2000;4149;1998;6149;0.372969;2000;2000;4151;1998;6151;0.335331;2000;2000;4148;1998;6148;0.331461;2000;2000;4149;1998;6149;0.329684;2000;2000;4148;1998;6148;0.31855;2000;2000;4151;1998;6151;0.320052;2000;2000;4150;1998;6150;0.329084;2000;2000;4147;1998;6147;0.329932;2000;2000;4149;1998;6149;0.325243;2000;2000;4147;1998;6147;0.344094;2000;2000;4146;1998;6146;0.346633;2000;2000;4149;1998;6149;0.34067;2000;2000;4150;1998;6150;0.353115;2000;2000;4150;1998;6150;0.3623;2000;2000;4151;1998;6151;0.369507
4000;32000;4000;4000;5637;3998;9637;0.619226;4000;4000;5638;3998;9638;0.541242;4000;4000;5637;3998;9637;0.526153;4000;4000;5637;3998;9637;0.5302;4000;4000;5634;3998;9634;0.514275;4000;4000;5637;3998;9637;0.515011;4000;4000;5636;3998;9636;0.523586;4000;4000;5635;3998;9635;0.540231;4000;4000;5635;3998;9635;0.547261;4000;4000;5636;3998;9636;0.569082;4000;4000;5634;3998;9634;0.567302;4000;4000;5636;3998;9636;0.570101;4000;4000;5637;3998;9637;0.591432;4000;4000;5635;3998;9635;0.603628;4000;4000;5636;3998;9636;0.608106
8000;32000;7995;7995;6390;7993;14385;0.987635;7995;7995;6390;7993;14385;0.867292;7995;7995;6390;7993;14385;0.830994;7995;7995;6389;7993;14384;0.835988;7995;7995;6390;7993;14385;0.822897;7995;7995;6390;7993;14385;0.831235;7995;7995;6390;7993;14385;0.839063;7995;7995;6390;7993;14385;0.867922;7995;7995;6388;7993;14383;0.899158;7995;7995;6389;7993;14384;0.947453;7995;7995;6390;7993;14385;0.962847;7995;7995;6390;7993;14385;0.973509;7995;7995;6391;7993;14386;0.996943;7995;7995;6390;7993;14385;1.00078;7995;7995;6390;7993;14385;1.00497
16000;32000;15691;15691;5072;15688;20763;1.75826;15691;15691;5071;15688;20762;1.54868;15691;15691;5074;15688;20765;1.45138;15691;15691;5072;15688;20763;1.48758;15691;15691;5071;15688;20762;1.46675;15691;15691;5071;15688;20762;1.52888;15691;15691;5072;15688;20763;1.525;15691;15691;5072;15688;20763;1.59301;15691;15691;5072;15688;20763;1.66163;15691;15691;5071;15688;20762;1.73133;15691;15691;5070;15688;20761;1.77463;15691;15691;5071;15688;20762;1.83181;15691;15691;5070;15688;20761;1.86588;15691;15691;5071;15688;20762;1.88471;15691;15691;5072;15688;20763;1.88647
4000;64000;4000;4000;8297;3998;12297;0.798641;4000;4000;8298;3998;12298;0.714002;4000;4000;8301;3998;12301;0.707567;4000;4000;8300;3998;12300;0.700155;4000;4000;8296;3998;12296;0.676862;4000;4000;8299;3998;12299;0.677727;4000;4000;8297;3998;12297;0.688572;4000;4000;8296;3998;12296;0.687602;4000;4000;8299;3998;12299;0.69379;4000;4000;8297;3998;12297;0.732598;4000;4000;8297;3998;12297;0.730817;4000;4000;8298;3998;12298;0.721431;4000;4000;8298;3998;12298;0.755842;4000;4000;8297;3998;12297;0.754734;4000;4000;8297;3998;12297;0.765808
8000;64000;8000;8000;11305;7998;19305;1.29165;8000;8000;11305;7998;19305;1.12531;8000;8000;11307;7998;19307;1.09214;8000;8000;11303;7998;19303;1.09738;8000;8000;11305;7998;19305;1.06984;8000;8000;11301;7998;19301;1.09667;8000;8000;11304;7998;19304;1.08551;8000;8000;11305;7998;19305;1.10899;8000;8000;11303;7998;19303;1.13193;8000;8000;11305;7998;19305;1.19579;8000;8000;11302;7998;19302;1.20098;8000;8000;11303;7998;19303;1.20698;8000;8000;11303;7998;19303;1.23343;8000;8000;11305;7998;19305;1.25531;8000;8000;11302;7998;19302;1.25082
4000;128000;4000;4000;10952;3998;14952;1.22123;4000;4000;10949;3998;14949;1.1345;4000;4000;10951;3998;14951;1.11995;4000;4000;10950;3998;14950;1.13026;4000;4000;10950;3998;14950;1.09268;4000;4000;10955;3998;14955;1.08393;4000;4000;10942;3998;14942;1.07551;4000;4000;10948;3998;14948;1.08008;4000;4000;10948;3998;14948;1.06842;4000;4000;10947;3998;14947;1.15503;4000;4000;10956;3998;14956;1.12564;4000;4000;10953;3998;14953;1.09526;4000;4000;10953;3998;14953;1.15003;4000;4000;10947;3998;14947;1.16855;4000;4000;10946;3998;14946;1.16106
32000;64000;25085;25085;8106;25084;33192;3.42165;25085;25085;8104;25084;33190;2.99751;25085;25085;8104;25084;33189;2.86052;25085;25085;8103;25084;33189;2.93256;25085;25085;8105;25084;33191;2.82967;25085;25085;8104;25084;33190;2.93907;25085;25085;8103;25084;33189;2.9786;25085;25085;8105;25084;33190;3.07089;25085;25085;8104;25084;33190;3.06145;25085;25085;8104;25084;33190;3.15724;25085;25085;8102;25084;33188;3.2799;25085;25085;8103;25084;33189;3.42491;25085;25085;8103;25084;33189;3.57774;25085;25085;8103;25084;33189;3.66558;25085;25085;8104;25084;33190;3.71267
16000;64000;15994;15994;12879;15992;28873;2.30732;15994;15994;12880;15992;28874;2.04089;15994;15994;12880;15992;28874;1.93492;15994;15994;12878;15992;28872;1.93612;15994;15994;12880;15992;28874;1.87065;15994;15994;12881;15992;28875;1.94959;15994;15994;12879;15992;28873;1.97369;15994;15994;12880;15992;28874;2.00269;15994;15994;12880;15992;28874;2.05429;15994;15994;12880;15992;28874;2.15029;15994;15994;12881;15992;28875;2.20894;15994;15994;12880;15992;28874;2.26708;15994;15994;12880;15992;28874;2.32705;15994;15994;12879;15992;28873;2.35473;15994;15994;12881;15992;28875;2.36475
8000;128000;8000;8000;16423;7998;24423;1.69592;8000;8000;16426;7998;24426;1.51933;8000;8000;16430;7998;24430;1.49046;8000;8000;16428;7998;24428;1.49657;8000;8000;16422;7998;24422;1.45293;8000;8000;16430;7998;24430;1.44277;8000;8000;16428;7998;24428;1.44637;8000;8000;16427;7998;24427;1.46219;8000;8000;16423;7998;24423;1.48076;8000;8000;16424;7998;24424;1.57773;8000;8000;16422;7998;24422;1.57465;8000;8000;16429;7998;24429;1.55299;8000;8000;16433;7998;24433;1.60697;8000;8000;16431;7998;24431;1.61539;8000;8000;16425;7998;24425;1.62477
16000;128000;16000;16000;22527;15998;38527;2.81235;16000;16000;22525;15998;38525;2.47054;16000;16000;22527;15998;38527;2.37922;16000;16000;22524;15998;38524;2.38272;16000;16000;22527;15998;38527;2.29754;16000;16000;22524;15998;38524;2.33847;16000;16000;22523;15998;38523;2.38236;16000;16000;22526;15998;38526;2.39989;16000;16000;22523;15998;38523;2.4179;16000;16000;22526;15998;38526;2.55151;16000;16000;22527;15998;38527;2.61019;16000;16000;22526;15998;38526;2.61853;16000;16000;22524;15998;38524;2.71051;16000;16000;22530;15998;38530;2.76597;16000;16000;22525;15998;38525;2.78479
8000;256000;8000;8000;21766;7998;29766;2.53541;8000;8000;21767;7998;29767;2.35049;8000;8000;21776;7998;29776;2.30397;8000;8000;21773;7998;29773;2.3242;8000;8000;21766;7998;29766;2.24841;8000;8000;21763;7998;29763;2.24187;8000;8000;21775;7998;29775;2.24935;8000;8000;21772;7998;29772;2.23712;8000;8000;21770;7998;29770;2.22593;8000;8000;21771;7998;29771;2.40114;8000;8000;21765;7998;29765;2.3713;8000;8000;21770;7998;29770;2.31514;8000;8000;21770;7998;29770;2.42408;8000;8000;21766;7998;29766;2.45399;8000;8000;21769;7998;29769;2.43777
32000;128000;31984;31984;25652;31982;57636;6.57992;31984;31984;25654;31982;57638;5.95642;31984;31984;25652;31982;57636;5.62501;31984;31984;25655;31982;57639;5.64069;31984;31984;25654;31982;57638;5.60416;31984;31984;25655;31982;57639;5.58779;31984;31984;25656;31982;57640;5.73257;31984;31984;25652;31982;57636;5.79139;31984;31984;25655;31982;57639;5.77;31984;31984;25651;31982;57635;5.91117;31984;31984;25654;31982;57638;6.1072;31984;31984;25656;31982;57640;6.20754;31984;31984;25655;31982;57639;6.39906;31984;31984;25655;31982;57639;6.54445;31984;31984;25655;31982;57639;6.72732
16000;256000;16000;16000;33029;15998;49029;4.17531;16000;16000;33028;15998;49028;3.76697;16000;16000;33020;15998;49020;3.69852;16000;16000;33024;15998;49024;3.69814;16000;16000;33021;15998;49021;3.5757;16000;16000;33027;15998;49027;3.59303;16000;16000;33030;15998;49030;3.58945;16000;16000;33027;15998;49027;3.59153;16000;16000;33029;15998;49029;3.59878;16000;16000;33025;15998;49025;3.76996;16000;16000;33022;15998;49022;3.80916;16000;16000;33017;15998;49017;3.80884;16000;16000;33022;15998;49022;3.93175;16000;16000;33021;15998;49021;4.02019;16000;16000;33020;15998;49020;4.03282
8000;512000;8000;8000;27055;7998;35055;4.1929;8000;8000;27050;7998;35050;3.99679;8000;8000;27052;7998;35052;3.91665;8000;8000;27049;7998;35049;4.0289;8000;8000;27063;7998;35063;3.8955;8000;8000;27061;7998;35061;3.84372;8000;8000;27048;7998;35048;3.84086;8000;8000;27052;7998;35052;3.81054;8000;8000;27050;7998;35050;3.77562;8000;8000;27054;7998;35054;4.05694;8000;8000;27045;7998;35045;4.00468;8000;8000;27049;7998;35049;3.88919;8000;8000;27062;7998;35062;4.06259;8000;8000;27063;7998;35063;4.13234;8000;8000;27059;7998;35059;4.0607
64000;128000;56470;56470;18241;56468;74711;11.8274;56470;56470;18242;56468;74713;10.4022;56470;56470;18243;56468;74714;9.85626;56470;56470;18244;56468;74715;10.0734;56470;56470;18242;56468;74712;9.96;56470;56470;18240;56468;74711;10.1521;56470;56470;18242;56468;74713;10.1834;56470;56470;18242;56468;74712;10.4932;56470;56470;18241;56468;74712;10.4813;56470;56470;18239;56468;74710;10.8859;56470;56470;18242;56468;74713;11.1898;56470;56470;18243;56468;74714;11.4608;56470;56470;18242;56468;74713;11.8207;56470;56470;18244;56468;74714;12.129;56470;56470;18243;56468;74714;12.4865
16000;512000;16000;16000;43622;15998;59622;5.96575;16000;16000;43633;15998;59633;5.56389;16000;16000;43612;15998;59612;5.4909;16000;16000;43617;15998;59617;5.5402;16000;16000;43629;15998;59629;5.39295;16000;16000;43619;15998;59619;5.3433;16000;16000;43608;15998;59608;5.38754;16000;16000;43618;15998;59618;5.39513;16000;16000;43615;15998;59615;5.26102;16000;16000;43625;15998;59625;5.53643;16000;16000;43619;15998;59619;5.50268;16000;16000;43614;15998;59614;5.42593;16000;16000;43617;15998;59617;5.67645;16000;16000;43618;15998;59618;5.78471;16000;16000;43611;15998;59611;5.75461
32000;256000;32000;32000;45220;31998;77220;7.49887;32000;32000;45217;31998;77217;6.7526;32000;32000;45216;31998;77216;6.43719;32000;32000;45216;31998;77216;6.37141;32000;32000;45207;31998;77207;6.22404;32000;32000;45213;31998;77213;6.3213;32000;32000;45212;31998;77212;6.50737;32000;32000;45212;31998;77212;6.58893;32000;32000;45214;31998;77214;6.60842;32000;32000;45219;31998;77219;6.8285;32000;32000;45214;31998;77214;6.99323;32000;32000;45215;31998;77215;6.99839;32000;32000;45216;31998;77216;7.25698;32000;32000;45213;31998;77213;7.32544;32000;32000;45214;31998;77214;7.37927
16000;1024000;16000;16000;53951;15998;69951;9.51722;16000;16000;53940;15998;69940;9.07769;16000;16000;53974;15998;69974;8.87504;16000;16000;53975;15998;69975;9.01142;16000;16000;53953;15998;69953;8.74444;16000;16000;53956;15998;69956;8.70565;16000;16000;53968;15998;69968;8.83029;16000;16000;53970;15998;69970;8.82127;16000;16000;53950;15998;69950;8.64271;16000;16000;53959;15998;69959;9.12218;16000;16000;53954;15998;69954;9.06229;16000;16000;53961;15998;69961;8.83583;16000;16000;53966;15998;69966;9.17587;16000;16000;53980;15998;69980;9.32783;16000;16000;53972;15998;69972;9.24461
32000;512000;32000;32000;65903;31998;97903;10.8957;32000;32000;65898;31998;97898;10.027;32000;32000;65897;31998;97897;9.69313;32000;32000;65898;31998;97898;9.61003;32000;32000;65901;31998;97901;9.40956;32000;32000;65904;31998;97904;9.33916;32000;32000;65903;31998;97903;9.41639;32000;32000;65913;31998;97913;9.56464;32000;32000;65901;31998;97901;9.75411;32000;32000;65904;31998;97904;10.1262;32000;32000;65894;31998;97894;10.2592;32000;32000;65892;31998;97892;10.2229;32000;32000;65893;31998;97893;10.4051;32000;32000;65896;31998;97896;10.4859;32000;32000;65892;31998;97892;10.7096
64000;256000;63980;63980;51278;63978;115258;18.0431;63980;63980;51277;63978;115257;16.7703;63980;63980;51273;63978;115253;16.0059;63980;63980;51274;63978;115254;15.7614;63980;63980;51278;63978;115258;15.5044;63980;63980;51278;63978;115258;15.7607;63980;63980;51275;63978;115255;15.7803;63980;63980;51279;63978;115259;16.1617;63980;63980;51278;63978;115258;16.4247;63980;63980;51274;63978;115254;16.9622;63980;63980;51274;63978;115254;17.5222;63980;63980;51276;63978;115256;17.3001;63980;63980;51275;63978;115255;17.7064;63980;63980;51277;63978;115257;17.9985;63980;63980;51276;63978;115256;17.9284
128000;256000;112949;112949;36290;112947;149239;31.7934;112949;112949;36286;112947;149235;28.8561;112949;112949;36290;112947;149239;28.1128;112949;112949;36289;112947;149238;28.123;112949;112949;36288;112947;149237;27.8206;112949;112949;36289;112947;149238;28.3127;112949;112949;36285;112947;149234;28.7596;112949;112949;36290;112947;149239;29.6666;112949;112949;36291;112947;149240;29.9978;112949;112949;36288;112947;149237;30.8457;112949;112949;36286;112947;149236;31.1728;112949;112949;36286;112947;149235;31.3099;112949;112949;36287;112947;149237;31.5071;112949;112949;36288;112947;149237;31.6856;112949;112949;36289;112947;149238;32.3151
16000;2048000;16000;16000;64068;15998;80068;15.489;16000;16000;64108;15998;80108;15.1743;16000;16000;64075;15998;80075;14.9952;16000;16000;64107;15998;80107;15.5133;16000;16000;64121;15998;80121;14.9956;16000;16000;64107;15998;80107;14.8592;16000;16000;64100;15998;80100;15.2206;16000;16000;64101;15998;80101;15.0354;16000;16000;64118;15998;80118;14.7063;16000;16000;64100;15998;80100;15.9187;16000;16000;64115;15998;80115;15.2931;16000;16000;64110;15998;80110;14.6839;16000;16000;64102;15998;80102;15.0674;16000;16000;64100;15998;80100;15.4686;16000;16000;64080;15998;80080;15.0113
32000;1024000;32000;32000;86931;31998;118931;15.8165;32000;32000;86915;31998;118915;14.9603;32000;32000;86930;31998;118930;14.6608;32000;32000;86935;31998;118935;15.0058;32000;32000;86923;31998;118923;14.8531;32000;32000;86917;31998;118917;14.7793;32000;32000;86919;31998;118919;14.7379;32000;32000;86920;31998;118920;14.4953;32000;32000;86944;31998;118944;14.3775;32000;32000;86941;31998;118941;14.9506;32000;32000;86928;31998;118928;15.0236;32000;32000;86933;31998;118933;14.9964;32000;32000;86923;31998;118923;15.2356;32000;32000;86927;31998;118927;15.1927;32000;32000;86938;31998;118938;15.224
64000;512000;64000;64000;90015;63998;154015;21.4671;64000;64000;90009;63998;154009;19.0297;64000;64000;90007;63998;154007;18.777;64000;64000;90015;63998;154015;18.7143;64000;64000;90020;63998;154020;18.261;64000;64000;90010;63998;154010;18.6648;64000;64000;90012;63998;154012;18.6097;64000;64000;90022;63998;154022;18.8783;64000;64000;90012;63998;154012;18.9645;64000;64000;90009;63998;154009;19.4669;64000;64000;90009;63998;154009;19.6829;64000;64000;90015;63998;154015;19.5233;64000;64000;90019;63998;154019;19.966;64000;64000;90028;63998;154028;20.1946;64000;64000;90022;63998;154022;20.6087
32000;2048000;32000;32000;107999;31998;139999;21.0288;32000;32000;108003;31998;140003;20.2006;32000;32000;108035;31998;140035;19.6689;32000;32000;108010;31998;140010;20.4856;32000;32000;108011;31998;140011;20.211;32000;32000;108032;31998;140032;19.6993;32000;32000;108019;31998;140019;19.4387;32000;32000;108025;31998;140025;19.5005;32000;32000;108014;31998;140014;19.5775;32000;32000;108006;31998;140006;20.3771;32000;32000;108008;31998;140008;20.1309;32000;32000;108003;31998;140003;19.9521;32000;32000;107984;31998;139984;20.6383;32000;32000;107993;31998;139993;20.6981;32000;32000;107994;31998;139994;20.6636
128000;512000;127945;127945;102401;127943;230346;41.4562;127945;127945;102405;127943;230350;37.7157;127945;127945;102395;127943;230340;37.0953;127945;127945;102402;127943;230347;37.7784;127945;127945;102402;127943;230347;36.6719;127945;127945;102397;127943;230342;37.583;127945;127945;102401;127943;230346;37.5993;127945;127945;102401;127943;230346;38.1451;127945;127945;102400;127943;230345;38.5735;127945;127945;102397;127943;230342;39.316;127945;127945;102400;127943;230345;39.8018;127945;127945;102408;127943;230353;40.0481;127945;127945;102403;127943;230348;40.1493;127945;127945;102401;127943;230346;40.4272;127945;127945;102397;127943;230342;40.6793
64000;1024000;64000;64000;131721;63998;195721;26.5318;64000;64000;131724;63998;195724;24.8259;64000;64000;131733;63998;195733;24.021;64000;64000;131730;63998;195730;24.2646;64000;64000;131723;63998;195723;23.9757;64000;64000;131729;63998;195729;24.0682;64000;64000;131733;63998;195733;23.8122;64000;64000;131732;63998;195732;23.9954;64000;64000;131728;63998;195728;24.2355;64000;64000;131724;63998;195724;25.1804;64000;64000;131724;63998;195724;24.9118;64000;64000;131726;63998;195726;24.6119;64000;64000;131748;63998;195748;25.0289;64000;64000;131735;63998;195735;24.9924;64000;64000;131727;63998;195727;25.7883
256000;512000;250993;250993;80983;250990;331976;80.3441;250993;250993;80988;250990;331981;72.0636;250993;250993;80988;250990;331981;70.1813;250993;250993;80985;250990;331978;71.2856;250993;250993;80986;250990;331979;70.9387;250993;250993;80984;250990;331977;72.4071;250993;250993;80984;250990;331977;73.3533;250993;250993;80982;250990;331975;74.7524;250993;250993;80985;250990;331978;75.1281;250993;250993;80988;250990;331981;76.5362;250993;250993;80985;250990;331978;76.2363;250993;250993;80984;250990;331977;77.2503;250993;250993;80987;250990;331980;78.2546;250993;250993;80986;250990;331979;79.0354;250993;250993;80985;250990;331978;79.7626
32000;4096000;32000;32000;128459;31998;160459;32.8482;32000;32000;128421;31998;160421;31.87;32000;32000;128469;31998;160469;31.4885;32000;32000;128430;31998;160430;32.2041;32000;32000;128376;31998;160376;31.5651;32000;32000;128397;31998;160397;31.3142;32000;32000;128466;31998;160466;30.9387;32000;32000;128428;31998;160428;30.7156;32000;32000;128426;31998;160426;30.5367;32000;32000;128406;31998;160406;32.7013;32000;32000;128417;31998;160417;31.4927;32000;32000;128402;31998;160402;30.6964;32000;32000;128430;31998;160430;31.6296;32000;32000;128442;31998;160442;32.4324;32000;32000;128480;31998;160480;31.971
64000;2048000;64000;64000;174239;63998;238239;34.5167;64000;64000;174211;63998;238211;32.2085;64000;64000;174221;63998;238221;32.0328;64000;64000;174228;63998;238228;32.1301;64000;64000;174206;63998;238206;31.5453;64000;64000;174226;63998;238226;31.7165;64000;64000;174221;63998;238221;31.5929;64000;64000;174220;63998;238220;31.5138;64000;64000;174193;63998;238193;31.2841;64000;64000;174222;63998;238222;32.7816;64000;64000;174227;63998;238227;32.3687;64000;64000;174213;63998;238213;31.4711;64000;64000;174200;63998;238200;32.5405;64000;64000;174220;63998;238220;32.6064;64000;64000;174232;63998;238232;32.6788
128000;1024000;128000;128000;180599;127998;308599;48.5209;128000;128000;180598;127998;308598;43.7491;128000;128000;180591;127998;308591;42.5248;128000;128000;180596;127998;308596;43.6392;128000;128000;180599;127998;308599;42.917;128000;128000;180590;127998;308590;43.3557;128000;128000;180607;127998;308607;43.6844;128000;128000;180602;127998;308602;43.6815;128000;128000;180602;127998;308602;44.0324;128000;128000;180601;127998;308601;45.7285;128000;128000;180596;127998;308596;46.0075;128000;128000;180604;127998;308604;45.5546;128000;128000;180613;127998;308613;46.3135;128000;128000;180599;127998;308599;46.3735;128000;128000;180600;127998;308600;46.4003
32000;8192000;32000;32000;146737;31998;178737;54.2503;32000;32000;146692;31998;178692;53.8457;32000;32000;146724;31998;178724;52.9608;32000;32000;146738;31998;178738;54.831;32000;32000;146757;31998;178757;52.8941;32000;32000;146752;31998;178752;52.1603;32000;32000;146673;31998;178673;52.841;32000;32000;146709;31998;178709;52.3891;32000;32000;146688;31998;178688;50.7641;32000;32000;146760;31998;178760;55.4628;32000;32000;146743;31998;178743;53.0721;32000;32000;146746;31998;178746;50.9299;32000;32000;146735;31998;178735;53.178;32000;32000;146709;31998;178709;54.1039;32000;32000;146710;31998;178710;52.7434
64000;4096000;64000;64000;216280;63998;280280;46.9086;64000;64000;216265;63998;280265;45.5459;64000;64000;216288;63998;280288;44.5371;64000;64000;216265;63998;280265;45.2945;64000;64000;216269;63998;280269;44.2952;64000;64000;216279;63998;280279;44.2912;64000;64000;216253;63998;280253;43.9612;64000;64000;216267;63998;280267;43.7528;64000;64000;216250;63998;280250;43.3521;64000;64000;216271;63998;280271;45.4769;64000;64000;216297;63998;280297;45.3839;64000;64000;216265;63998;280265;44.1533;64000;64000;216226;63998;280226;45.2804;64000;64000;216269;63998;280269;45.374;64000;64000;216264;63998;280264;45.0878
256000;1024000;255914;255914;205155;255912;461069;92.1939;255914;255914;205166;255912;461080;82.9545;255914;255914;205171;255912;461085;80.7959;255914;255914;205166;255912;461080;82.3102;255914;255914;205159;255912;461073;82.0059;255914;255914;205155;255912;461069;82.142;255914;255914;205152;255912;461066;81.8368;255914;255914;205152;255912;461066;83.0024;255914;255914;205165;255912;461079;84.5337;255914;255914;205157;255912;461071;85.341;255914;255914;205159;255912;461073;86.7141;255914;255914;205160;255912;461074;86.7693;255914;255914;205151;255912;461065;87.9837;255914;255914;205156;255912;461070;89.119;255914;255914;205157;255912;461071;89.1946
512000;1024000;502052;502052;161838;502049;663890;178.679;502052;502052;161845;502049;663897;160.828;502052;502052;161849;502049;663901;159.342;502052;502052;161847;502049;663899;161.707;502052;502052;161840;502049;663892;164.804;502052;502052;161841;502049;663893;165.731;502052;502052;161845;502049;663897;166.399;502052;502052;161841;502049;663893;171.78;502052;502052;161848;502049;663900;167.527;502052;502052;161847;502049;663899;171.715;502052;502052;161847;502049;663899;171.952;502052;502052;161846;502049;663898;173.958;502052;502052;161838;502049;663890;175.716;502052;502052;161839;502049;663891;176.783;502052;502052;161841;502049;663893;177.522
128000;2048000;128000;128000;263967;127998;391967;60.2802;128000;128000;263969;127998;391969;55.7681;128000;128000;263978;127998;391978;54.6398;128000;128000;263985;127998;391985;55.716;128000;128000;263980;127998;391980;54.7905;128000;128000;263989;127998;391989;55.0231;128000;128000;263979;127998;391979;54.8009;128000;128000;263991;127998;391991;54.1266;128000;128000;263986;127998;391986;54.3242;128000;128000;263987;127998;391987;56.0457;128000;128000;263984;127998;391984;56.2567;128000;128000;263982;127998;391982;55.7019;128000;128000;264003;127998;392003;57.5113;128000;128000;263994;127998;391994;56.5218;128000;128000;263996;127998;391996;56.8045
64000;8192000;64000;64000;256404;63998;320404;69.9075;64000;64000;256428;63998;320428;67.213;64000;64000;256416;63998;320416;65.8159;64000;64000;256414;63998;320414;68.2227;64000;64000;256385;63998;320385;66.9016;64000;64000;256456;63998;320456;67.0045;64000;64000;256477;63998;320477;66.4099;64000;64000;256318;63998;320318;65.576;64000;64000;256373;63998;320373;65.249;64000;64000;256402;63998;320402;69.7964;64000;64000;256441;63998;320441;66.3329;64000;64000;256497;63998;320497;64.7586;64000;64000;256428;63998;320428;67.7532;64000;64000;256422;63998;320422;68.4872;64000;64000;256387;63998;320387;66.9147
128000;4096000;128000;128000;348891;127998;476891;75.4581;128000;128000;348944;127998;476944;69.9422;128000;128000;348917;127998;476917;68.8656;128000;128000;348898;127998;476898;69.8043;128000;128000;348900;127998;476900;68.6567;128000;128000;348928;127998;476928;69.2229;128000;128000;348925;127998;476925;69.2985;128000;128000;348909;127998;476909;69.1655;128000;128000;348909;127998;476909;68.8619;128000;128000;348903;127998;476903;70.8871;128000;128000;348902;127998;476902;70.5102;128000;128000;348905;127998;476905;69.9761;128000;128000;348923;127998;476923;71.969;128000;128000;348914;127998;476914;72.7515;128000;128000;348917;127998;476917;71.8572
256000;2048000;256000;256000;361108;255998;617108;104.741;256000;256000;361096;255998;617096;95.2198;256000;256000;361108;255998;617108;92.756;256000;256000;361113;255998;617113;93.3433;256000;256000;361122;255998;617122;92.4991;256000;256000;361103;255998;617103;93.0866;256000;256000;361105;255998;617105;93.0257;256000;256000;361107;255998;617107;93.812;256000;256000;361100;255998;617100;93.7401;256000;256000;361115;255998;617115;95.708;256000;256000;361118;255998;617118;96.6785;256000;256000;361115;255998;617115;97.1192;256000;256000;361117;255998;617117;98.0496;256000;256000;361130;255998;617130;99.5415;256000;256000;361113;255998;617113;99.848
64000;16384000;64000;64000;294244;63998;358244;114.911;64000;64000;294141;63998;358141;113.415;64000;64000;294218;63998;358218;109.245;64000;64000;294221;63998;358221;114.006;64000;64000;294138;63998;358138;111.709;64000;64000;294176;63998;358176;110.716;64000;64000;294120;63998;358120;110.495;64000;64000;294130;63998;358130;108.68;64000;64000;294120;63998;358120;108.092;64000;64000;294171;63998;358171;116.501;64000;64000;294155;63998;358155;111.934;64000;64000;294070;63998;358070;108.359;64000;64000;294137;63998;358137;112.012;64000;64000;294130;63998;358130;114.866;64000;64000;294123;63998;358123;111.632
128000;8192000;128000;128000;432356;127998;560356;103.648;128000;128000;432347;127998;560347;98.611;128000;128000;432379;127998;560379;97.2592;128000;128000;432346;127998;560346;100.458;128000;128000;432421;127998;560421;97.3869;128000;128000;432344;127998;560344;95.8352;128000;128000;432386;127998;560386;95.5976;128000;128000;432407;127998;560407;95.9673;128000;128000;432367;127998;560367;95.1723;128000;128000;432343;127998;560343;99.5824;128000;128000;432323;127998;560323;98.0876;128000;128000;432299;127998;560299;96.093;128000;128000;432427;127998;560427;99.6332;128000;128000;432416;127998;560416;100.913;128000;128000;432405;127998;560405;98.7771
512000;2048000;511824;511824;410106;511822;921930;203.177;511824;511824;410093;511822;921917;183.282;511824;511824;410097;511822;921921;178.809;511824;511824;410105;511822;921929;182.874;511824;511824;410108;511822;921932;183.665;511824;511824;410096;511822;921920;185.816;511824;511824;410113;511822;921937;184.482;511824;511824;410087;511822;921911;190.495;511824;511824;410092;511822;921916;189.188;511824;511824;410086;511822;921910;191.211;511824;511824;410106;511822;921930;191.685;511824;511824;410106;511822;921930;191.797;511824;511824;410113;511822;921937;194.669;511824;511824;410099;511822;921923;195.824;511824;511824;410085;511822;921909;197.321
256000;4096000;256000;256000;527571;255998;783571;129.126;256000;256000;527591;255998;783591;118.362;256000;256000;527585;255998;783585;116.669;256000;256000;527560;255998;783560;119.926;256000;256000;527565;255998;783565;117.805;256000;256000;527553;255998;783553;117.261;256000;256000;527575;255998;783575;118.818;256000;256000;527566;255998;783566;118.099;256000;256000;527585;255998;783585;119.415;256000;256000;527589;255998;783589;122.618;256000;256000;527596;255998;783596;122.03;256000;256000;527591;255998;783591;121.178;256000;256000;527568;255998;783568;124.117;256000;256000;527570;255998;783570;125.139;256000;256000;527584;255998;783584;123.628
128000;16384000;128000;128000;512951;127998;640951;155.084;128000;128000;512871;127998;640871;151.117;128000;128000;512863;127998;640863;149.439;128000;128000;512886;127998;640886;153.292;128000;128000;512932;127998;640932;148.527;128000;128000;512820;127998;640820;147.016;128000;128000;512855;127998;640855;147.274;128000;128000;512901;127998;640901;147.836;128000;128000;512997;127998;640997;144.831;128000;128000;512844;127998;640844;155.582;128000;128000;512797;127998;640797;148.875;128000;128000;512834;127998;640834;146.645;128000;128000;512806;127998;640806;152.165;128000;128000;512883;127998;640883;153.475;128000;128000;512892;127998;640892;149.904
256000;8192000;256000;256000;696727;255998;952727;162.368;256000;256000;696739;255998;952739;152.132;256000;256000;696741;255998;952741;150.464;256000;256000;696762;255998;952762;151.205;256000;256000;696717;255998;952717;151.883;256000;256000;696740;255998;952740;150.952;256000;256000;696744;255998;952744;150.877;256000;256000;696739;255998;952739;152.002;256000;256000;696759;255998;952759;149.887;256000;256000;696789;255998;952789;156.391;256000;256000;696790;255998;952790;152.931;256000;256000;696760;255998;952760;153.004;256000;256000;696758;255998;952758;156.66;256000;256000;696763;255998;952763;157.743;256000;256000;696740;255998;952740;154.939
64000;32768000;64000;64000;325961;63998;389961;199.687;64000;64000;326104;63998;390104;198.98;64000;64000;325991;63998;389991;196.281;64000;64000;326077;63998;390077;209.088;64000;64000;326040;63998;390040;198.296;64000;64000;326057;63998;390057;196.069;64000;64000;326032;63998;390032;197.158;64000;64000;325988;63998;389988;194.637;64000;64000;326054;63998;390054;191.979;64000;64000;326121;63998;390121;209.403;64000;64000;325978;63998;389978;199.745;64000;64000;325942;63998;389942;192.908;64000;64000;326068;63998;390068;198.694;64000;64000;325931;63998;389931;202.279;64000;64000;326034;63998;390034;197.319
512000;4096000;512000;512000;721894;511998;1233894;228.982;512000;512000;721903;511998;1233903;208.201;512000;512000;721890;511998;1233890;202.521;512000;512000;721883;511998;1233883;205.733;512000;512000;721908;511998;1233908;204.215;512000;512000;721880;511998;1233880;208.148;512000;512000;721901;511998;1233901;208.156;512000;512000;721921;511998;1233921;212.216;512000;512000;721903;511998;1233903;209.904;512000;512000;721887;511998;1233887;215.299;512000;512000;721872;511998;1233872;212.949;512000;512000;721913;511998;1233913;212.532;512000;512000;721917;511998;1233917;215.891;512000;512000;721917;511998;1233917;219.384;512000;512000;721924;511998;1233924;218.404
128000;32768000;128000;128000;587539;127998;715539;242.273;128000;128000;587329;127998;715329;234.999;128000;128000;587356;127998;715356;232.897;128000;128000;587569;127998;715569;244.407;128000;128000;587383;127998;715383;239.126;128000;128000;587435;127998;715435;233.658;128000;128000;587397;127998;715397;236.284;128000;128000;587389;127998;715389;231.274;128000;128000;587327;127998;715327;227.928;128000;128000;587361;127998;715361;242.218;128000;128000;587381;127998;715381;236.522;128000;128000;587405;127998;715405;227.499;128000;128000;587398;127998;715398;237.472;128000;128000;587396;127998;715396;240.149;128000;128000;587450;127998;715450;236.729
256000;16384000;256000;256000;864174;255998;1120174;220.499;256000;256000;864105;255998;1120105;208.823;256000;256000;864159;255998;1120159;205.415;256000;256000;864231;255998;1120231;209.538;256000;256000;864185;255998;1120185;205.053;256000;256000;864224;255998;1120224;200.267;256000;256000;864111;255998;1120111;200.756;256000;256000;864202;255998;1120202;202.049;256000;256000;864191;255998;1120191;201.125;256000;256000;864189;255998;1120189;212.688;256000;256000;864172;255998;1120172;206.384;256000;256000;864160;255998;1120160;206.533;256000;256000;864093;255998;1120093;210.891;256000;256000;864204;255998;1120204;214.263;256000;256000;864132;255998;1120132;209.194
512000;8192000;512000;512000;1055692;511998;1567692;272.87;512000;512000;1055653;511998;1567653;248.148;512000;512000;1055664;511998;1567664;246.659;512000;512000;1055689;511998;1567689;247.359;512000;512000;1055694;511998;1567694;246.845;512000;512000;1055708;511998;1567708;247.909;512000;512000;1055694;511998;1567694;248.696;512000;512000;1055724;511998;1567724;250.453;512000;512000;1055747;511998;1567747;249.134;512000;512000;1055724;511998;1567724;256.743;512000;512000;1055697;511998;1567697;257.895;512000;512000;1055703;511998;1567703;254.887;512000;512000;1055732;511998;1567732;257.004;512000;512000;1055705;511998;1567705;262.114;512000;512000;1055699;511998;1567699;259.77
256000;32768000;256000;256000;1025355;255998;1281355;323.054;256000;256000;1025385;255998;1281385;313.806;256000;256000;1025303;255998;1281303;308.017;256000;256000;1025347;255998;1281347;314.868;256000;256000;1025342;255998;1281342;306;256000;256000;1025309;255998;1281309;305.662;256000;256000;1025387;255998;1281387;305.22;256000;256000;1025450;255998;1281450;305.605;256000;256000;1025380;255998;1281380;306.387;256000;256000;1025265;255998;1281265;322.095;256000;256000;1025430;255998;1281430;312.59;256000;256000;1025425;255998;1281425;305.847;256000;256000;1025411;255998;1281411;316.1;256000;256000;1025336;255998;1281336;313.587;256000;256000;1025364;255998;1281364;311.693
512000;16384000;512000;512000;1393258;511998;1905258;348.396;512000;512000;1393250;511998;1905250;325.003;512000;512000;1393273;511998;1905273;319.213;512000;512000;1393241;511998;1905241;322.851;512000;512000;1393278;511998;1905278;322.209;512000;512000;1393204;511998;1905204;324.06;512000;512000;1393310;511998;1905310;325.225;512000;512000;1393223;511998;1905223;323.989;512000;512000;1393262;511998;1905262;325.425;512000;512000;1393277;511998;1905277;334.424;512000;512000;1393271;511998;1905271;328.196;512000;512000;1393278;511998;1905278;323.023;512000;512000;1393230;511998;1905230;331.531;512000;512000;1393223;511998;1905223;337.447;512000;512000;1393237;511998;1905237;332.839
128000;65536000;128000;128000;651518;127998;779518;417.352;128000;128000;651538;127998;779538;416.226;128000;128000;651763;127998;779763;404.506;128000;128000;651458;127998;779458;433.19;128000;128000;651461;127998;779461;415.708;128000;128000;651516;127998;779516;407.947;128000;128000;651330;127998;779330;402.928;128000;128000;651444;127998;779444;406.664;128000;128000;651538;127998;779538;395.127;128000;128000;651581;127998;779581;435.673;128000;128000;651446;127998;779446;413.175;128000;128000;651341;127998;779341;399.667;128000;128000;651388;127998;779388;415.217;128000;128000;651314;127998;779314;421.066;128000;128000;651445;127998;779445;406.286
256000;65536000;256000;256000;1173841;255998;1429841;518.71;256000;256000;1173809;255998;1429809;509.456;256000;256000;1173782;255998;1429782;492.958;256000;256000;1173701;255998;1429701;520.087;256000;256000;1173739;255998;1429739;497.272;256000;256000;1173918;255998;1429918;490.39;256000;256000;1173753;255998;1429753;489.981;256000;256000;1173814;255998;1429814;485.548;256000;256000;1173858;255998;1429858;489.64;256000;256000;1173717;255998;1429717;521.82;256000;256000;1173708;255998;1429708;497.737;256000;256000;1173788;255998;1429788;489.225;256000;256000;1173720;255998;1429720;500.634;256000;256000;1173719;255998;1429719;515.165;256000;256000;1173718;255998;1429718;497.136
512000;32768000;512000;512000;1728391;511998;2240391;525.867;512000;512000;1728304;511998;2240304;495.505;512000;512000;1728554;511998;2240554;479.779;512000;512000;1728461;511998;2240461;498.728;512000;512000;1728533;511998;2240533;490.971;512000;512000;1728459;511998;2240459;488.469;512000;512000;1728421;511998;2240421;478.923;512000;512000;1728485;511998;2240485;485.229;512000;512000;1728440;511998;2240440;478.65;512000;512000;1728405;511998;2240405;496.863;512000;512000;1728373;511998;2240373;494.411;512000;512000;1728427;511998;2240427;485.305;512000;512000;1728546;511998;2240546;499.053;512000;512000;1728518;511998;2240518;503.386;512000;512000;1728490;511998;2240490;488.059
128000;131072000;128000;128000;701992;127998;829992;771.598;128000;128000;701893;127998;829893;768.604;128000;128000;701980;127998;829980;756.757;128000;128000;702174;127998;830174;805.253;128000;128000;701771;127998;829771;767.888;128000;128000;702035;127998;830035;750.968;128000;128000;701934;127998;829934;750.5;128000;128000;701787;127998;829787;744.186;128000;128000;702174;127998;830174;732.1;128000;128000;702109;127998;830109;796.347;128000;128000;701947;127998;829947;763.185;128000;128000;701756;127998;829756;737.893;128000;128000;701843;127998;829843;762.59;128000;128000;701857;127998;829857;790.619;128000;128000;701873;127998;829873;755.79
512000;65536000;512000;512000;2051091;511998;2563091;689.83;512000;512000;2051245;511998;2563245;673.23;512000;512000;2051262;511998;2563262;653.051;512000;512000;2051200;511998;2563200;678.239;512000;512000;2051067;511998;2563067;664.868;512000;512000;2051175;511998;2563175;660.388;512000;512000;2051079;511998;2563079;655.088;512000;512000;2051210;511998;2563210;655.96;512000;512000;2051236;511998;2563236;647.327;512000;512000;2051156;511998;2563156;688.885;512000;512000;2051100;511998;2563100;667.9;512000;512000;2051052;511998;2563052;651.439;512000;512000;2051232;511998;2563232;679.71;512000;512000;2051321;511998;2563321;688.503;512000;512000;2051326;511998;2563326;664.141
256000;131072000;256000;256000;1302536;255998;1558536;894.45;256000;256000;1302583;255998;1558583;883.204;256000;256000;1302679;255998;1558679;863.233;256000;256000;1302838;255998;1558838;920.745;256000;256000;1302624;255998;1558624;884.165;256000;256000;1302732;255998;1558732;875.284;256000;256000;1302711;255998;1558711;871.941;256000;256000;1302630;255998;1558630;866.799;256000;256000;1302551;255998;1558551;847.217;256000;256000;1302609;255998;1558609;925.217;256000;256000;1302683;255998;1558683;885.569;256000;256000;1302787;255998;1558787;855.968;256000;256000;1302688;255998;1558688;885.58;256000;256000;1302600;255998;1558600;907.182;256000;256000;1302510;255998;1558510;876.077
512000;131072000;512000;512000;2348517;511998;2860517;1302.93;512000;512000;2348806;511998;2860806;1254.89;512000;512000;2348810;511998;2860810;1204.74;512000;512000;2348458;511998;2860458;1258.96;512000;512000;2348595;511998;2860595;1211.33;512000;512000;2348565;511998;2860565;1194.57;512000;512000;2348697;511998;2860697;1172.6;512000;512000;2348590;511998;2860590;1179.79;512000;512000;2348655;511998;2860655;1171.35;512000;512000;2348744;511998;2860744;1241.78;512000;512000;2348767;511998;2860767;1199.13;512000;512000;2348459;511998;2860459;1171.44;512000;512000;2348454;511998;2860454;1205.94;512000;512000;2348515;511998;2860515;1224.6;512000;512000;2348575;511998;2860575;1184.19
256000;262144000;256000;256000;1403462;255998;1659462;1635.37;256000;256000;1403264;255998;1659264;1626.33;256000;256000;1403539;255998;1659539;1606.09;256000;256000;1403294;255998;1659294;1704.37;256000;256000;1403517;255998;1659517;1634.33;256000;256000;1403514;255998;1659514;1608.51;256000;256000;1403290;255998;1659290;1603.3;256000;256000;1403283;255998;1659283;1598.35;256000;256000;1403154;255998;1659154;1580.32;256000;256000;1403606;255998;1659606;1715.09;256000;256000;1403229;255998;1659229;1635.17;256000;256000;1403607;255998;1659607;1567.95;256000;256000;1403691;255998;1659691;1637.33;256000;256000;1403239;255998;1659239;1681.08;256000;256000;1403449;255998;1659449;1608.72
512000;262144000;512000;512000;2606743;511998;3118743;1959.68;512000;512000;2606587;511998;3118587;1940.78;512000;512000;2606118;511998;3118118;1884.41;512000;512000;2606295;511998;3118295;1994.22;512000;512000;2606672;511998;3118672;1919.5;512000;512000;2606795;511998;3118795;1892.76;512000;512000;2607035;511998;3119035;1876.08;512000;512000;2606786;511998;3118786;1889.85;512000;512000;2606790;511998;3118790;1874.68;512000;512000;2606465;511998;3118465;1997.25;512000;512000;2606507;511998;3118507;1929.3;512000;512000;2606859;511998;3118859;1864;512000;512000;2607025;511998;3119025;1916.16;512000;512000;2606893;511998;3118893;1958.07;512000;512000;2606741;511998;3118741;1895.03
256000;524288000;256000;256000;1473288;255998;1729288;3081.37;256000;256000;1473551;255998;1729551;3118.92;256000;256000;1473876;255998;1729876;3058.43;256000;256000;1473460;255998;1729460;3257.84;256000;256000;1473124;255998;1729124;3123.27;256000;256000;1473478;255998;1729478;3045.82;256000;256000;1473925;255998;1729925;3034.73;256000;256000;1472796;255998;1728796;3029.33;256000;256000;1473497;255998;1729497;2993.64;256000;256000;1473178;255998;1729178;3255.18;256000;256000;1473665;255998;1729665;3102.66;256000;256000;1473300;255998;1729300;2990.07;256000;256000;1473564;255998;1729564;3109.72;256000;256000;1473605;255998;1729605;3179.24;256000;256000;1473511;255998;1729511;3054.66
512000;524288000;512000;512000;2806819;511998;3318819;3328.97;512000;512000;2806597;511998;3318597;3336.84;512000;512000;2806432;511998;3318432;3258.52;512000;512000;2806630;511998;3318630;3441.89;512000;512000;2806611;511998;3318611;3309.59;512000;512000;2806773;511998;3318773;3265.87;512000;512000;2806632;511998;3318632;3251.41;512000;512000;2806745;511998;3318745;3229.98;512000;512000;2806448;511998;3318448;3190.67;512000;512000;2806636;511998;3318636;3439.02;512000;512000;2806084;511998;3318084;3289.92;512000;512000;2806424;511998;3318424;3192.21;512000;512000;2806944;511998;3318944;3302.29;512000;512000;2806818;511998;3318818;3353.39;512000;512000;2806773;511998;3318773;3242.27
512000;1048576000;512000;512000;2947175;511998;3459175;5812.41;512000;512000;2947058;511998;3459058;29569.3;512000;512000;2947253;511998;3459253;5728.57;512000;512000;2947039;511998;3459039;6026.49;512000;512000;2947112;511998;3459112;5783.79;512000;512000;2947056;511998;3459056;5719.67;512000;512000;2947234;511998;3459234;5712.73;512000;512000;2947060;511998;3459060;5702.03;512000;512000;2947008;511998;3459008;5646.12;512000;512000;2947292;511998;3459292;6083.75;512000;512000;2947162;511998;3459162;5872.09;512000;512000;2946992;511998;3458992;5635.14;512000;512000;2946930;511998;3458930;5833.07;512000;512000;2946412;511998;3458412;5925.48;512000;512000;2946661;511998;3458661;5726.96
